Circuit, Time (sec), Energy (joules), Circuits Check, Failed state
log_q100000_d100,217.25,18357.88,EQUIVALENT,None
log_q10000_d100,2.47,208.74,EQUIVALENT,None
log_q1000_d100,0.04,3.33,NOT EQUIVALENT,0
log_q101000_d100,120.59,10190.22,NOT EQUIVALENT,0
log_q102000_d100,245.18,20718.09,EQUIVALENT,None
log_q103000_d100,124.68,10535.11,NOT EQUIVALENT,0
log_q104000_d100,127.39,10764.32,NOT EQUIVALENT,0
log_q105000_d100,129.81,10968.70,NOT EQUIVALENT,0
log_q106000_d100,263.70,22282.39,EQUIVALENT,None
log_q107000_d100,134.74,11385.12,NOT EQUIVALENT,0
log_q108000_d100,136.64,11546.44,NOT EQUIVALENT,0
log_q109000_d100,279.68,23633.14,EQUIVALENT,None
log_q110000_d100,285.74,24144.66,EQUIVALENT,None
log_q11000_d100,2.79,235.73,EQUIVALENT,None
log_q111000_d100,144.54,12213.94,NOT EQUIVALENT,0
log_q112000_d100,147.06,12426.37,NOT EQUIVALENT,0
log_q113000_d100,150.07,12680.55,NOT EQUIVALENT,0
log_q114000_d100,152.74,12906.79,NOT EQUIVALENT,0
log_q115000_d100,154.56,13060.16,NOT EQUIVALENT,0
log_q116000_d100,157.89,13341.59,NOT EQUIVALENT,0
log_q117000_d100,160.48,13560.74,NOT EQUIVALENT,0
log_q118000_d100,326.23,27566.81,EQUIVALENT,None
log_q119000_d100,330.45,27923.06,EQUIVALENT,None
log_q120000_d100,168.13,14207.03,NOT EQUIVALENT,0
log_q12000_d100,2.00,168.88,NOT EQUIVALENT,0
log_q121000_d100,171.19,14465.24,NOT EQUIVALENT,0
log_q122000_d100,173.92,14696.55,NOT EQUIVALENT,0
log_q123000_d100,176.83,14942.18,NOT EQUIVALENT,0
log_q124000_d100,179.76,15189.83,NOT EQUIVALENT,0
log_q125000_d100,182.18,15394.50,NOT EQUIVALENT,0
log_q126000_d100,184.90,15624.03,NOT EQUIVALENT,0
log_q127000_d100,188.91,15962.62,NOT EQUIVALENT,0
log_q128000_d100,191.91,16216.29,NOT EQUIVALENT,0
log_q129000_d100,194.04,16396.36,NOT EQUIVALENT,0
log_q130000_d100,197.27,16669.61,NOT EQUIVALENT,0
log_q13000_d100,3.93,331.89,EQUIVALENT,None
log_q131000_d100,200.33,16927.88,NOT EQUIVALENT,0
log_q132000_d100,372.15,31446.32,EQUIVALENT,None
log_q133000_d100,359.99,30419.22,EQUIVALENT,None
log_q134000_d100,213.18,18013.47,NOT EQUIVALENT,0
log_q135000_d100,371.01,31350.22,EQUIVALENT,None
log_q136000_d100,214.96,18163.83,NOT EQUIVALENT,0
log_q137000_d100,381.84,32265.18,EQUIVALENT,None
log_q138000_d100,221.70,18733.49,NOT EQUIVALENT,0
log_q139000_d100,223.91,18920.45,NOT EQUIVALENT,0
log_q140000_d100,228.47,19305.45,NOT EQUIVALENT,0
log_q14000_d100,4.63,391.24,EQUIVALENT,None
log_q141000_d100,443.65,37488.58,EQUIVALENT,None
log_q142000_d100,233.63,19742.04,NOT EQUIVALENT,0
log_q143000_d100,237.03,20029.11,NOT EQUIVALENT,0
log_q144000_d100,443.32,37460.51,EQUIVALENT,None
log_q145000_d100,467.73,39523.37,EQUIVALENT,None
log_q146000_d100,247.11,20881.21,NOT EQUIVALENT,0
log_q147000_d100,252.17,21308.06,NOT EQUIVALENT,0
log_q148000_d100,487.71,41211.17,EQUIVALENT,None
log_q149000_d100,492.42,41609.71,EQUIVALENT,None
log_q150000_d100,261.40,22088.39,NOT EQUIVALENT,0
log_q15000_d100,3.39,286.70,NOT EQUIVALENT,0
log_q151000_d100,264.76,22372.23,NOT EQUIVALENT,0
log_q152000_d100,267.40,22595.03,NOT EQUIVALENT,0
log_q153000_d100,271.54,22945.06,NOT EQUIVALENT,0
log_q154000_d100,504.34,42616.42,EQUIVALENT,None
log_q155000_d100,278.02,23493.06,NOT EQUIVALENT,0
log_q156000_d100,515.90,43593.74,EQUIVALENT,None
log_q157000_d100,284.97,24079.89,NOT EQUIVALENT,0
log_q158000_d100,288.47,24375.59,NOT EQUIVALENT,0
log_q159000_d100,292.40,24708.12,NOT EQUIVALENT,0
log_q160000_d100,297.02,25098.47,NOT EQUIVALENT,0
log_q16000_d100,3.78,319.55,NOT EQUIVALENT,0
log_q161000_d100,577.41,48791.46,EQUIVALENT,None
log_q162000_d100,557.45,47104.64,EQUIVALENT,None
log_q163000_d100,307.26,25963.40,NOT EQUIVALENT,0
log_q164000_d100,311.18,26294.55,NOT EQUIVALENT,0
log_q165000_d100,315.22,26635.88,NOT EQUIVALENT,0
log_q166000_d100,319.00,26955.81,NOT EQUIVALENT,0
log_q167000_d100,323.10,27302.30,NOT EQUIVALENT,0
log_q168000_d100,326.91,27623.81,NOT EQUIVALENT,0
log_q169000_d100,329.75,27863.94,NOT EQUIVALENT,0
log_q170000_d100,333.02,28140.05,NOT EQUIVALENT,0
log_q17000_d100,4.24,358.14,NOT EQUIVALENT,0
log_q171000_d100,337.76,28540.30,NOT EQUIVALENT,0
log_q172000_d100,341.65,28869.84,NOT EQUIVALENT,0
log_q173000_d100,631.60,53370.61,EQUIVALENT,None
log_q174000_d100,349.71,29550.75,NOT EQUIVALENT,0
log_q175000_d100,354.54,29958.67,NOT EQUIVALENT,0
log_q176000_d100,356.19,30098.41,NOT EQUIVALENT,0
log_q177000_d100,362.39,30621.79,NOT EQUIVALENT,0
log_q178000_d100,365.42,30878.14,NOT EQUIVALENT,0
log_q179000_d100,369.02,31182.12,NOT EQUIVALENT,0
log_q180000_d100,373.83,31588.91,NOT EQUIVALENT,0
log_q18000_d100,4.70,397.02,NOT EQUIVALENT,0
log_q181000_d100,379.62,32077.74,NOT EQUIVALENT,0
log_q182000_d100,381.22,32212.83,NOT EQUIVALENT,0
log_q183000_d100,384.58,32496.98,NOT EQUIVALENT,0
log_q184000_d100,390.52,32998.54,NOT EQUIVALENT,0
log_q185000_d100,394.53,33337.55,NOT EQUIVALENT,0
log_q186000_d100,727.09,61439.46,EQUIVALENT,None
log_q187000_d100,402.15,33981.53,NOT EQUIVALENT,0
log_q188000_d100,410.09,34652.48,NOT EQUIVALENT,0
log_q189000_d100,411.06,34734.44,NOT EQUIVALENT,0
log_q190000_d100,830.72,70195.99,EQUIVALENT,None
log_q19000_d100,5.23,441.56,NOT EQUIVALENT,0
log_q191000_d100,420.93,35568.59,NOT EQUIVALENT,0
log_q192000_d100,425.20,35929.56,NOT EQUIVALENT,0
log_q193000_d100,427.40,36115.69,NOT EQUIVALENT,0
log_q194000_d100,433.78,36654.69,NOT EQUIVALENT,0
log_q195000_d100,438.19,37026.80,NOT EQUIVALENT,0
log_q196000_d100,440.16,37193.76,NOT EQUIVALENT,0
log_q197000_d100,446.24,37707.10,NOT EQUIVALENT,0
log_q198000_d100,451.36,38139.70,NOT EQUIVALENT,0
log_q199000_d100,454.93,38441.33,NOT EQUIVALENT,0
log_q200000_d100,459.52,38829.62,NOT EQUIVALENT,0
log_q20000_d100,5.73,484.44,NOT EQUIVALENT,0
log_q2000_d100,0.10,8.73,NOT EQUIVALENT,0
log_q201000_d100,465.22,39310.68,NOT EQUIVALENT,0
log_q202000_d100,468.94,39625.66,NOT EQUIVALENT,0
log_q203000_d100,864.59,73058.08,EQUIVALENT,None
log_q204000_d100,477.79,40373.61,NOT EQUIVALENT,0
log_q205000_d100,481.96,40725.49,NOT EQUIVALENT,0
log_q206000_d100,487.17,41166.01,NOT EQUIVALENT,0
log_q207000_d100,492.06,41579.13,NOT EQUIVALENT,0
log_q208000_d100,498.22,42099.34,NOT EQUIVALENT,0
log_q209000_d100,500.43,42286.67,NOT EQUIVALENT,0
log_q210000_d100,505.70,42731.47,NOT EQUIVALENT,0
log_q21000_d100,6.30,532.58,NOT EQUIVALENT,0
log_q211000_d100,1024.01,86528.71,EQUIVALENT,None
log_q212000_d100,515.82,43586.64,NOT EQUIVALENT,0
log_q213000_d100,519.33,43883.39,NOT EQUIVALENT,0
log_q214000_d100,526.44,44484.09,NOT EQUIVALENT,0
log_q215000_d100,531.07,44875.22,NOT EQUIVALENT,0
log_q216000_d100,534.35,45152.97,NOT EQUIVALENT,0
log_q217000_d100,540.02,45631.31,NOT EQUIVALENT,0
log_q218000_d100,1091.39,92222.37,EQUIVALENT,None
log_q219000_d100,549.40,46423.94,NOT EQUIVALENT,0
log_q220000_d100,553.86,46801.17,NOT EQUIVALENT,0
log_q22000_d100,6.75,570.19,NOT EQUIVALENT,0
log_q221000_d100,560.76,47384.52,NOT EQUIVALENT,0
log_q222000_d100,565.86,47814.81,NOT EQUIVALENT,0
log_q223000_d100,567.85,47983.37,NOT EQUIVALENT,0
log_q224000_d100,572.75,48397.22,NOT EQUIVALENT,0
log_q225000_d100,579.19,48941.26,NOT EQUIVALENT,0
log_q226000_d100,585.02,49434.22,NOT EQUIVALENT,0
log_q227000_d100,589.33,49798.78,NOT EQUIVALENT,0
log_q228000_d100,597.44,50483.70,NOT EQUIVALENT,0
log_q229000_d100,1205.32,101849.18,EQUIVALENT,None
log_q230000_d100,604.79,51104.83,NOT EQUIVALENT,0
log_q23000_d100,7.35,620.69,NOT EQUIVALENT,0
log_q231000_d100,611.42,51664.87,NOT EQUIVALENT,0
log_q232000_d100,617.09,52144.20,NOT EQUIVALENT,0
log_q233000_d100,620.94,52469.51,NOT EQUIVALENT,0
log_q234000_d100,1255.30,106073.04,EQUIVALENT,None
log_q235000_d100,632.93,53482.63,NOT EQUIVALENT,0
log_q236000_d100,636.69,53800.61,NOT EQUIVALENT,0
log_q237000_d100,1293.94,109337.73,EQUIVALENT,None
log_q238000_d100,649.24,54860.42,NOT EQUIVALENT,0
log_q239000_d100,1309.46,110649.19,EQUIVALENT,None
log_q240000_d100,657.69,55574.94,NOT EQUIVALENT,0
log_q24000_d100,7.94,670.58,NOT EQUIVALENT,0
log_q241000_d100,663.70,56082.86,NOT EQUIVALENT,0
log_q242000_d100,669.75,56593.58,NOT EQUIVALENT,0
log_q243000_d100,1350.49,114116.07,EQUIVALENT,None
log_q244000_d100,678.96,57371.87,NOT EQUIVALENT,0
log_q245000_d100,685.55,57929.05,NOT EQUIVALENT,0
log_q246000_d100,690.17,58319.28,NOT EQUIVALENT,0
log_q247000_d100,697.26,58918.46,NOT EQUIVALENT,0
log_q248000_d100,703.86,59475.77,NOT EQUIVALENT,0
log_q249000_d100,709.68,59967.79,NOT EQUIVALENT,0
log_q250000_d100,712.76,60228.15,NOT EQUIVALENT,0
log_q25000_d100,8.57,724.55,NOT EQUIVALENT,0
log_q251000_d100,1442.79,121915.61,EQUIVALENT,None
log_q252000_d100,1453.34,122807.34,EQUIVALENT,None
log_q253000_d100,1463.23,123643.30,EQUIVALENT,None
log_q254000_d100,736.27,62214.81,NOT EQUIVALENT,0
log_q255000_d100,743.66,62839.00,NOT EQUIVALENT,0
log_q256000_d100,749.13,63301.13,NOT EQUIVALENT,0
log_q257000_d100,752.83,63614.15,NOT EQUIVALENT,0
log_q258000_d100,762.62,64441.18,NOT EQUIVALENT,0
log_q259000_d100,768.63,64949.65,NOT EQUIVALENT,0
log_q260000_d100,802.03,67771.85,NOT EQUIVALENT,0
log_q26000_d100,18.52,1564.90,EQUIVALENT,None
log_q261000_d100,0,0,EQUIVALENT,None
log_q262000_d100,1570.94,132744.04,EQUIVALENT,None
log_q263000_d100,833.45,70426.27,NOT EQUIVALENT,0
log_q264000_d100,848.02,71658.10,NOT EQUIVALENT,0
log_q265000_d100,1638.56,138458.08,EQUIVALENT,None
log_q266000_d100,863.12,72933.43,NOT EQUIVALENT,0
log_q267000_d100,1894.28,160066.48,EQUIVALENT,None
log_q268000_d100,1872.78,158250.11,EQUIVALENT,None
log_q269000_d100,903.30,76329.08,NOT EQUIVALENT,0
log_q270000_d100,912.14,77076.23,NOT EQUIVALENT,0
log_q27000_d100,9.83,830.36,NOT EQUIVALENT,0
log_q271000_d100,0,0,EQUIVALENT,None
log_q272000_d100,931.35,78699.26,NOT EQUIVALENT,0
log_q273000_d100,943.85,79755.59,NOT EQUIVALENT,0
log_q274000_d100,957.66,80922.55,NOT EQUIVALENT,0
log_q275000_d100,951.71,80419.22,NOT EQUIVALENT,0
log_q276000_d100,984.57,83195.81,NOT EQUIVALENT,0
log_q277000_d100,1038.76,87774.89,NOT EQUIVALENT,0
log_q278000_d100,0,0,EQUIVALENT,None
log_q279000_d100,1039.20,87812.59,NOT EQUIVALENT,0
log_q280000_d100,1039.78,87861.54,NOT EQUIVALENT,0
log_q28000_d100,10.55,891.17,NOT EQUIVALENT,0
log_q281000_d100,0,0,EQUIVALENT,None
log_q282000_d100,1052.45,88932.12,NOT EQUIVALENT,0
log_q283000_d100,1047.79,88538.61,NOT EQUIVALENT,0
log_q284000_d100,2313.40,195482.21,EQUIVALENT,None
log_q285000_d100,1064.40,89941.75,NOT EQUIVALENT,0
log_q286000_d100,1078.09,91098.24,NOT EQUIVALENT,0
log_q287000_d100,0,0,EQUIVALENT,None
log_q288000_d100,1102.14,93130.87,NOT EQUIVALENT,0
log_q289000_d100,1103.30,93228.73,NOT EQUIVALENT,0
log_q290000_d100,0,0,EQUIVALENT,None
log_q29000_d100,11.24,949.43,NOT EQUIVALENT,0
log_q291000_d100,1124.06,94983.28,NOT EQUIVALENT,0
log_q292000_d100,1131.47,95608.84,NOT EQUIVALENT,0
log_q293000_d100,1154.91,97590.27,NOT EQUIVALENT,0
log_q294000_d100,1151.23,97278.53,NOT EQUIVALENT,0
log_q295000_d100,1194.82,100962.42,NOT EQUIVALENT,0
log_q296000_d100,0,0,EQUIVALENT,None
log_q297000_d100,2679.339497538749,0,EQUIVALENT,None
log_q298000_d100,1034.9315416179597,0,EQUIVALENT,None
log_q299000_d100,1044.535367660923,0,EQUIVALENT,None
log_q300000_d100,0,0,EQUIVALENT,None
log_q30000_d100,11.95,1009.46,NOT EQUIVALENT,0
log_q3000_d100,0.19,15.83,NOT EQUIVALENT,0
log_q301000_d100,1120.8648414378986,0,EQUIVALENT,None
log_q302000_d100,1069.364449561108,0,EQUIVALENT,None
log_q303000_d100,1076.7577628900763,0,EQUIVALENT,None
log_q304000_d100,1079.0430631060153,0,EQUIVALENT,None
log_q305000_d100,0,0,EQUIVALENT,None
log_q306000_d100,1099.550143645145,0,EQUIVALENT,None
log_q307000_d100,1104.2758128196,0,EQUIVALENT,None
log_q308000_d100,1114.0732654239982,0,EQUIVALENT,None
log_q309000_d100,1125.3576184341218,0,EQUIVALENT,None
log_q310000_d100,0,0,EQUIVALENT,None
log_q31000_d100,12.70,1073.53,NOT EQUIVALENT,0
log_q311000_d100,0,0,EQUIVALENT,None
log_q312000_d100,1147.0415256409906,0,EQUIVALENT,None
log_q313000_d100,1154.5071504709776,0,EQUIVALENT,None
log_q314000_d100,1162.5626088951249,0,EQUIVALENT,None
log_q315000_d100,0,0,EQUIVALENT,None
log_q316000_d100,1179.2756510111503,0,EQUIVALENT,None
log_q317000_d100,1187.3588400082663,0,EQUIVALENT,None
log_q318000_d100,1194.2708308319561,0,EQUIVALENT,None
log_q319000_d100,0,0,EQUIVALENT,None
log_q320000_d100,1213.0860638387967,0,EQUIVALENT,None
log_q32000_d100,13.44,1135.53,NOT EQUIVALENT,0
log_q321000_d100,0,0,EQUIVALENT,None
log_q322000_d100,0,0,EQUIVALENT,None
log_q323000_d100,0,0,EQUIVALENT,None
log_q324000_d100,0,0,EQUIVALENT,None
log_q325000_d100,0,0,EQUIVALENT,None
log_q326000_d100,0,0,EQUIVALENT,None
log_q327000_d100,0,0,EQUIVALENT,None
log_q328000_d100,0,0,EQUIVALENT,None
log_q329000_d100,0,0,EQUIVALENT,None
log_q330000_d100,0,0,EQUIVALENT,None
log_q33000_d100,26.41,2231.62,EQUIVALENT,None
log_q331000_d100,0,0,EQUIVALENT,None
log_q332000_d100,0,0,EQUIVALENT,None
log_q333000_d100,0,0,EQUIVALENT,None
log_q334000_d100,0,0,EQUIVALENT,None
log_q335000_d100,0,0,EQUIVALENT,None
log_q336000_d100,0,0,EQUIVALENT,None
log_q337000_d100,0,0,EQUIVALENT,None
log_q338000_d100,0,0,EQUIVALENT,None
log_q339000_d100,0,0,EQUIVALENT,None
log_q340000_d100,0,0,EQUIVALENT,None
log_q34000_d100,15.03,1269.94,NOT EQUIVALENT,0
log_q341000_d100,0,0,EQUIVALENT,None
log_q342000_d100,0,0,EQUIVALENT,None
log_q343000_d100,0,0,EQUIVALENT,None
log_q344000_d100,0,0,EQUIVALENT,None
log_q345000_d100,0,0,EQUIVALENT,None
log_q346000_d100,0,0,EQUIVALENT,None
log_q347000_d100,0,0,EQUIVALENT,None
log_q348000_d100,0,0,EQUIVALENT,None
log_q349000_d100,0,0,EQUIVALENT,None
log_q350000_d100,0,0,EQUIVALENT,None
log_q35000_d100,15.87,1341.32,NOT EQUIVALENT,0
log_q351000_d100,0,0,EQUIVALENT,None
log_q352000_d100,0,0,EQUIVALENT,None
log_q353000_d100,0,0,EQUIVALENT,None
log_q354000_d100,0,0,EQUIVALENT,None
log_q355000_d100,0,0,EQUIVALENT,None
log_q356000_d100,0,0,EQUIVALENT,None
log_q357000_d100,0,0,EQUIVALENT,None
log_q358000_d100,0,0,EQUIVALENT,None
log_q359000_d100,0,0,EQUIVALENT,None
log_q360000_d100,0,0,EQUIVALENT,None
log_q36000_d100,16.78,1418.23,NOT EQUIVALENT,0
log_q361000_d100,0,0,EQUIVALENT,None
log_q362000_d100,0,0,EQUIVALENT,None
log_q363000_d100,0,0,EQUIVALENT,None
log_q364000_d100,0,0,EQUIVALENT,None
log_q365000_d100,0,0,EQUIVALENT,None
log_q366000_d100,0,0,EQUIVALENT,None
log_q367000_d100,0,0,EQUIVALENT,None
log_q368000_d100,0,0,EQUIVALENT,None
log_q369000_d100,0,0,EQUIVALENT,None
log_q370000_d100,0,0,EQUIVALENT,None
log_q37000_d100,17.70,1495.32,NOT EQUIVALENT,0
log_q371000_d100,0,0,EQUIVALENT,None
log_q372000_d100,0,0,EQUIVALENT,None
log_q373000_d100,0,0,EQUIVALENT,None
log_q374000_d100,0,0,EQUIVALENT,None
log_q375000_d100,0,0,EQUIVALENT,None
log_q376000_d100,0,0,EQUIVALENT,None
log_q377000_d100,0,0,EQUIVALENT,None
log_q378000_d100,0,0,EQUIVALENT,None
log_q379000_d100,0,0,EQUIVALENT,None
log_q380000_d100,0,0,EQUIVALENT,None
log_q38000_d100,34.49,2914.42,EQUIVALENT,None
log_q381000_d100,0,0,EQUIVALENT,None
log_q382000_d100,0,0,EQUIVALENT,None
log_q383000_d100,0,0,EQUIVALENT,None
log_q384000_d100,0,0,EQUIVALENT,None
log_q385000_d100,0,0,EQUIVALENT,None
log_q386000_d100,0,0,EQUIVALENT,None
log_q387000_d100,0,0,EQUIVALENT,None
log_q388000_d100,0,0,EQUIVALENT,None
log_q389000_d100,0,0,EQUIVALENT,None
log_q390000_d100,0,0,EQUIVALENT,None
log_q39000_d100,19.38,1637.46,NOT EQUIVALENT,0
log_q391000_d100,0,0,EQUIVALENT,None
log_q392000_d100,0,0,EQUIVALENT,None
log_q393000_d100,0,0,EQUIVALENT,None
log_q394000_d100,0,0,EQUIVALENT,None
log_q395000_d100,0,0,EQUIVALENT,None
log_q396000_d100,0,0,EQUIVALENT,None
log_q397000_d100,0,0,EQUIVALENT,None
log_q398000_d100,0,0,EQUIVALENT,None
log_q399000_d100,0,0,EQUIVALENT,None
log_q400000_d100,0,0,EQUIVALENT,None
log_q40000_d100,20.42,1725.69,NOT EQUIVALENT,0
log_q4000_d100,0.29,24.63,NOT EQUIVALENT,0
log_q401000_d100,0,0,EQUIVALENT,None
log_q402000_d100,0,0,EQUIVALENT,None
log_q403000_d100,0,0,EQUIVALENT,None
log_q404000_d100,0,0,EQUIVALENT,None
log_q405000_d100,0,0,EQUIVALENT,None
log_q406000_d100,0,0,EQUIVALENT,None
log_q407000_d100,0,0,EQUIVALENT,None
log_q408000_d100,0,0,EQUIVALENT,None
log_q409000_d100,0,0,EQUIVALENT,None
log_q410000_d100,0,0,EQUIVALENT,None
log_q41000_d100,21.40,1808.50,NOT EQUIVALENT,0
log_q411000_d100,0,0,EQUIVALENT,None
log_q412000_d100,0,0,EQUIVALENT,None
log_q413000_d100,0,0,EQUIVALENT,None
log_q414000_d100,0,0,EQUIVALENT,None
log_q415000_d100,0,0,EQUIVALENT,None
log_q416000_d100,0,0,EQUIVALENT,None
log_q417000_d100,0,0,EQUIVALENT,None
log_q418000_d100,0,0,EQUIVALENT,None
log_q419000_d100,0,0,EQUIVALENT,None
log_q420000_d100,0,0,EQUIVALENT,None
log_q42000_d100,22.32,1885.63,NOT EQUIVALENT,0
log_q421000_d100,0,0,EQUIVALENT,None
log_q422000_d100,0,0,EQUIVALENT,None
log_q423000_d100,0,0,EQUIVALENT,None
log_q424000_d100,0,0,EQUIVALENT,None
log_q425000_d100,0,0,EQUIVALENT,None
log_q426000_d100,0,0,EQUIVALENT,None
log_q427000_d100,0,0,EQUIVALENT,None
log_q428000_d100,0,0,EQUIVALENT,None
log_q429000_d100,0,0,EQUIVALENT,None
log_q430000_d100,0,0,EQUIVALENT,None
log_q43000_d100,43.39,3666.14,EQUIVALENT,None
log_q431000_d100,0,0,EQUIVALENT,None
log_q432000_d100,0,0,EQUIVALENT,None
log_q433000_d100,0,0,EQUIVALENT,None
log_q434000_d100,0,0,EQUIVALENT,None
log_q435000_d100,0,0,EQUIVALENT,None
log_q436000_d100,0,0,EQUIVALENT,None
log_q437000_d100,0,0,EQUIVALENT,None
log_q438000_d100,0,0,EQUIVALENT,None
log_q439000_d100,0,0,EQUIVALENT,None
log_q440000_d100,0,0,EQUIVALENT,None
log_q44000_d100,24.38,2059.88,NOT EQUIVALENT,0
log_q441000_d100,0,0,EQUIVALENT,None
log_q442000_d100,0,0,EQUIVALENT,None
log_q443000_d100,0,0,EQUIVALENT,None
log_q444000_d100,0,0,EQUIVALENT,None
log_q445000_d100,0,0,EQUIVALENT,None
log_q446000_d100,0,0,EQUIVALENT,None
log_q447000_d100,0,0,EQUIVALENT,None
log_q448000_d100,0,0,EQUIVALENT,None
log_q449000_d100,0,0,EQUIVALENT,None
log_q450000_d100,0,0,EQUIVALENT,None
log_q45000_d100,25.46,2151.46,NOT EQUIVALENT,0
log_q451000_d100,0,0,EQUIVALENT,None
log_q452000_d100,0,0,EQUIVALENT,None
log_q453000_d100,0,0,EQUIVALENT,None
log_q454000_d100,0,0,EQUIVALENT,None
log_q455000_d100,0,0,EQUIVALENT,None
log_q456000_d100,0,0,EQUIVALENT,None
log_q457000_d100,0,0,EQUIVALENT,None
log_q458000_d100,0,0,EQUIVALENT,None
log_q459000_d100,0,0,EQUIVALENT,None
log_q460000_d100,0,0,EQUIVALENT,None
log_q46000_d100,49.41,4174.75,EQUIVALENT,None
log_q461000_d100,0,0,EQUIVALENT,None
log_q462000_d100,0,0,EQUIVALENT,None
log_q463000_d100,0,0,EQUIVALENT,None
log_q464000_d100,0,0,EQUIVALENT,None
log_q465000_d100,0,0,EQUIVALENT,None
log_q466000_d100,0,0,EQUIVALENT,None
log_q467000_d100,0,0,EQUIVALENT,None
log_q468000_d100,0,0,EQUIVALENT,None
log_q469000_d100,0,0,EQUIVALENT,None
log_q470000_d100,0,0,EQUIVALENT,None
log_q47000_d100,27.55,2327.83,NOT EQUIVALENT,0
log_q471000_d100,0,0,EQUIVALENT,None
log_q472000_d100,0,0,EQUIVALENT,None
log_q473000_d100,0,0,EQUIVALENT,None
log_q474000_d100,0,0,EQUIVALENT,None
log_q475000_d100,0,0,EQUIVALENT,None
log_q476000_d100,0,0,EQUIVALENT,None
log_q477000_d100,0,0,EQUIVALENT,None
log_q478000_d100,0,0,EQUIVALENT,None
log_q479000_d100,0,0,EQUIVALENT,None
log_q480000_d100,0,0,EQUIVALENT,None
log_q48000_d100,28.77,2430.69,NOT EQUIVALENT,0
log_q481000_d100,0,0,EQUIVALENT,None
log_q482000_d100,0,0,EQUIVALENT,None
log_q483000_d100,0,0,EQUIVALENT,None
log_q484000_d100,0,0,EQUIVALENT,None
log_q485000_d100,0,0,EQUIVALENT,None
log_q486000_d100,0,0,EQUIVALENT,None
log_q487000_d100,0,0,EQUIVALENT,None
log_q488000_d100,0,0,EQUIVALENT,None
log_q489000_d100,0,0,EQUIVALENT,None
log_q490000_d100,0,0,EQUIVALENT,None
log_q49000_d100,29.86,2523.04,NOT EQUIVALENT,0
log_q491000_d100,0,0,EQUIVALENT,None
log_q492000_d100,0,0,EQUIVALENT,None
log_q493000_d100,0,0,EQUIVALENT,None
log_q494000_d100,0,0,EQUIVALENT,None
log_q495000_d100,0,0,EQUIVALENT,None
log_q496000_d100,0,0,EQUIVALENT,None
log_q497000_d100,0,0,EQUIVALENT,None
log_q498000_d100,0,0,EQUIVALENT,None
log_q499000_d100,0,0,EQUIVALENT,None
log_q500000_d100,0,0,EQUIVALENT,None
log_q50000_d100,31.01,2619.99,NOT EQUIVALENT,0
log_q5000_d100,0.43,36.28,NOT EQUIVALENT,0
log_q51000_d100,32.24,2724.15,NOT EQUIVALENT,0
log_q52000_d100,33.44,2825.65,NOT EQUIVALENT,0
log_q53000_d100,34.72,2933.51,NOT EQUIVALENT,0
log_q54000_d100,35.88,3031.67,NOT EQUIVALENT,0
log_q55000_d100,37.18,3141.40,NOT EQUIVALENT,0
log_q56000_d100,38.56,3258.32,NOT EQUIVALENT,0
log_q57000_d100,39.88,3370.01,NOT EQUIVALENT,0
log_q58000_d100,41.35,3494.24,NOT EQUIVALENT,0
log_q59000_d100,42.54,3594.70,NOT EQUIVALENT,0
log_q60000_d100,43.97,3715.51,NOT EQUIVALENT,0
log_q6000_d100,0.73,61.56,NOT EQUIVALENT,0
log_q61000_d100,45.37,3833.48,NOT EQUIVALENT,0
log_q62000_d100,46.80,3954.82,NOT EQUIVALENT,0
log_q63000_d100,48.19,4072.27,NOT EQUIVALENT,0
log_q64000_d100,91.57,7737.44,EQUIVALENT,None
log_q65000_d100,51.17,4324.17,NOT EQUIVALENT,0
log_q66000_d100,52.71,4454.26,NOT EQUIVALENT,0
log_q67000_d100,54.29,4587.26,NOT EQUIVALENT,0
log_q68000_d100,55.82,4716.65,NOT EQUIVALENT,0
log_q69000_d100,57.33,4844.56,NOT EQUIVALENT,0
log_q70000_d100,59.03,4987.82,NOT EQUIVALENT,0
log_q7000_d100,0.94,79.56,NOT EQUIVALENT,0
log_q71000_d100,107.16,9054.70,EQUIVALENT,None
log_q72000_d100,110.03,9297.46,EQUIVALENT,None
log_q73000_d100,63.86,5396.49,NOT EQUIVALENT,0
log_q74000_d100,65.77,5557.90,NOT EQUIVALENT,0
log_q75000_d100,67.36,5691.89,NOT EQUIVALENT,0
log_q76000_d100,127.69,10789.42,EQUIVALENT,None
log_q77000_d100,70.71,5975.40,NOT EQUIVALENT,0
log_q78000_d100,72.71,6144.10,NOT EQUIVALENT,0
log_q79000_d100,137.70,11635.52,EQUIVALENT,None
log_q80000_d100,76.23,6441.70,NOT EQUIVALENT,0
log_q8000_d100,1.00,84.11,NOT EQUIVALENT,0
log_q81000_d100,78.21,6608.89,NOT EQUIVALENT,0
log_q82000_d100,147.58,12470.36,EQUIVALENT,None
log_q83000_d100,81.99,6928.31,NOT EQUIVALENT,0
log_q84000_d100,84.11,7107.31,NOT EQUIVALENT,0
log_q85000_d100,85.87,7256.25,NOT EQUIVALENT,0
log_q86000_d100,87.82,7421.12,NOT EQUIVALENT,0
log_q87000_d100,90.10,7613.56,NOT EQUIVALENT,0
log_q88000_d100,91.94,7768.93,NOT EQUIVALENT,0
log_q89000_d100,93.84,7929.63,NOT EQUIVALENT,0
log_q90000_d100,96.03,8114.36,NOT EQUIVALENT,0
log_q9000_d100,1.43,120.94,NOT EQUIVALENT,0
log_q91000_d100,98.12,8290.84,NOT EQUIVALENT,0
log_q92000_d100,99.88,8439.55,NOT EQUIVALENT,0
log_q93000_d100,187.84,15872.47,EQUIVALENT,None
log_q94000_d100,104.63,8841.25,NOT EQUIVALENT,0
log_q95000_d100,106.75,9020.63,NOT EQUIVALENT,0
log_q96000_d100,108.67,9182.71,NOT EQUIVALENT,0
log_q97000_d100,111.50,9422.14,NOT EQUIVALENT,0
log_q98000_d100,208.40,17609.81,EQUIVALENT,None
log_q99000_d100,115.70,9776.47,NOT EQUIVALENT,0
